,temporada,jornada,fecha,hora,estadio,local,visit,local_goals,visit_goals,minutos_local,minutos_visit,goles_local,goles_visit,tiros_gol_local,tiros_gol_visit,tiros_esquina_local,tiros_esquina_visit,cambios_local,cambios_visit,fuera_lugar_local,fuera_lugar_visit,amarilla_local,amarilla_visit,roja_local,roja_visit
0,Torneo de Apertura / Temporada 2024-2025,1,"Jueves, 4 de Julio de 2024",17:00 hrs.,Victoria,Necaxa,Pachuca,0,5,[],"[4, 13, 38, 78, 86]",0.0,5.0,1.0085836909871244,8.025751072961373,0.0,3.004291845493562,4.012875536480687,5.0,1.9957081545064377,0.0,1.9957081545064377,1.0085836909871244,1.0085836909871244,1.0085836909871244
1,Torneo de Apertura / Temporada 2024-2025,1,"Jueves, 4 de Julio de 2024",21:06 hrs.,Olímpico Benito Juárez,FC Juárez,Guadalajara,0,1,[],[30],0.0,1.0,7.037735849056602,3.0188679245283017,0.0,4.018867924528301,5.018867924528301,5.018867924528301,0.0,3.0188679245283017,2.0188679245283017,3.0188679245283017,0.0,0.0
2,Torneo de Apertura / Temporada 2024-2025,1,"Viernes, 5 de Julio de 2024",17:00 hrs.,Olímpico Universitario,Pumas,León,2,0,"[80, 84]",[],2.0,0.0,6.97196261682243,6.990654205607476,4.97196261682243,2.0,4.97196261682243,4.97196261682243,2.990654205607477,0.0,2.0,2.0,0.0,0.0
3,Torneo de Apertura / Temporada 2024-2025,1,"Sábado, 6 de Julio de 2024",19:00 hrs.,TSM Corona,Santos Laguna,Toluca,0,2,[],"[26, 42]",0.0,2.0,1.006711409395973,2.0,2.0,4.0,5.006711409395973,5.020134228187919,0.0,2.0,2.0,0.0,0.0,0.0
4,Torneo de Apertura / Temporada 2024-2025,1,"Domingo, 7 de Julio de 2024",12:00 hrs.,Cuauhtémoc,Puebla F.C.,Rayadas,0,1,[],[52],0.0,1.0,1.0,9.121951219512194,3.024390243902439,3.024390243902439,5.048780487804878,4.048780487804878,1.0,0.0,1.0,1.0,0.0,0.0
5,Torneo de Apertura / Temporada 2024-2025,1,"Domingo, 7 de Julio de 2024",12:00 hrs.,INSTALACIONES LA NORIA,Cruz Azul,América,2,1,"[14, 82]",[24],2.0,1.006711409395973,4.0,3.0067114093959733,2.0,5.020134228187919,2.0,3.0067114093959733,0.013422818791946286,5.020134228187919,0.0,1.006711409395973,0.0,0.0
6,Torneo de Apertura / Temporada 2024-2025,1,"Domingo, 7 de Julio de 2024",17:00 hrs.,Estadio Olímpico Alameda,Querétaro,Club Tijuana,1,0,[45],[],1.0,0.0,3.9733333333333336,2.986666666666667,4.973333333333334,4.986666666666666,2.986666666666667,4.986666666666666,0.0,0.0,1.9866666666666668,1.9866666666666668,0.0,1.0
7,Torneo de Apertura / Temporada 2024-2025,1,"Domingo, 7 de Julio de 2024",17:00 hrs.,Alfonso Lastras Ramírez,Atlético de San Luis,Mazatlán FC,1,0,[24],[],1.0,0.0,9.097560975609756,3.024390243902439,2.024390243902439,6.073170731707317,4.048780487804878,1.0,1.0,5.048780487804878,5.048780487804878,2.024390243902439,0.0,0.0
8,Torneo de Apertura / Temporada 2024-2025,1,"Domingo, 7 de Julio de 2024",19:00 hrs.,Jalisco,Atlas,Tigres,1,3,[46],"[17, 40, 90]",1.0,2.986666666666667,4.973333333333334,3.9733333333333336,1.9866666666666668,4.986666666666666,3.9733333333333336,4.986666666666666,1.0,2.986666666666667,2.986666666666667,1.0,0.0,0.0
9,Torneo de Apertura / Temporada 2024-2025,2,"Viernes, 19 de Julio de 2024",17:00 hrs.,Nemesio Diez,Toluca,Pumas,1,2,[7],"[18, 44]",1.0,1.9787234042553192,4.957446808510639,1.9787234042553192,7.936170212765958,2.9787234042553195,4.957446808510639,1.0,0.0,3.9574468085106385,4.957446808510639,1.9787234042553192,0.0,0.0
10,Torneo de Apertura / Temporada 2024-2025,15,"Viernes, 19 de Julio de 2024",17:00 hrs.,Nou Camp,León,FC Juárez,1,0,[90],[],1.0,0.0,2.986666666666667,1.9866666666666668,1.9866666666666668,0.0,4.973333333333334,2.986666666666667,1.0,3.9733333333333336,3.9733333333333336,1.9866666666666668,1.0,1.0
11,Torneo de Apertura / Temporada 2024-2025,2,"Viernes, 19 de Julio de 2024",19:00 hrs.,TSM Corona,Santos Laguna,Atlético de San Luis,0,0,[],[],0.0,0.0,9.655172413793103,0.0,8.03448275862069,11.241379310344827,8.03448275862069,8.03448275862069,12.862068965517242,0.0,1.6206896551724137,1.6206896551724137,0.0,0.0
12,Torneo de Apertura / Temporada 2024-2025,2,"Sábado, 20 de Julio de 2024",18:00 hrs. - 19:00 HC.,El Encanto,Mazatlán FC,Cruz Azul,1,5,[35],"[1, 40, 66, 90, 90]",1.0,4.957446808510639,3.9787234042553195,7.957446808510639,2.9787234042553195,5.957446808510639,2.9787234042553195,3.9574468085106385,1.9787234042553192,1.9787234042553192,3.9787234042553195,1.0,0.0,0.0
13,Torneo de Apertura / Temporada 2024-2025,2,"Lunes, 22 de Julio de 2024",19:00 hrs.,Universitario,Tigres,Puebla F.C.,3,0,"[10, 19, 34]",[],3.0,0.0,4.9875,3.99375,6.9937499999999995,0.99375,4.9875,4.9875,3.0,2.0062499999999996,0.0,0.99375,0.0,0.0
14,Torneo de Apertura / Temporada 2024-2025,2,"Lunes, 22 de Julio de 2024",21:06 hrs.,Hidalgo,Pachuca,Querétaro,3,1,"[31, 47, 52]",[90],3.0,1.0,11.032258064516128,1.0,11.032258064516128,4.0,5.000000000000001,5.000000000000001,2.0,1.0,2.0,1.0,0.0,0.0
15,Torneo de Apertura / Temporada 2024-2025,2,"Martes, 23 de Julio de 2024",19:00 hrs.,Estadio BBVA,Rayadas,Atlas,5,0,"[16, 23, 25, 54, 88]",[],5.0,0.0,1.0085836909871244,3.9914163090128754,1.0085836909871244,8.025751072961373,5.0,5.0,1.9957081545064377,0.0,1.0085836909871244,1.9957081545064377,0.0,0.0
16,Torneo de Apertura / Temporada 2024-2025,2,"Miercoles, 24 de Julio de 2024",20:06 hrs. - 21:06 HC.,Caliente,Club Tijuana,Necaxa,3,0,"[10, 13, 87]",[],3.0,0.0,3.991071428571429,1.9955357142857144,1.9955357142857144,1.9955357142857144,4.995535714285714,3.0,1.0044642857142858,1.9955357142857144,1.0044642857142858,1.9955357142857144,0.0,0.0
17,Torneo de Apertura / Temporada 2024-2025,3,"Viernes, 26 de Julio de 2024",17:00 hrs.,Olímpico Universitario,Pumas,FC Juárez,3,2,"[8, 18, 43]","[61, 55]",3.0,1.9955357142857144,4.995535714285714,5.008928571428571,1.0044642857142858,5.008928571428571,3.991071428571429,5.008928571428571,0.0,3.0,1.0044642857142858,1.9955357142857144,0.0,0.0
18,Torneo de Apertura / Temporada 2024-2025,13,"Domingo, 28 de Julio de 2024",15:45 hrs.,INSTALACIONES LA NORIA,Cruz Azul,Atlas,0,0,[],[],0.0,0.0,12.862068965517242,12.89655172413793,8.586206896551724,4.275862068965517,8.586206896551724,8.586206896551724,4.275862068965517,4.275862068965517,6.448275862068965,10.724137931034482,0.0,2.1379310344827585
19,Torneo de Apertura / Temporada 2024-2025,3,"Domingo, 28 de Julio de 2024",17:00 hrs.,Estadio Olímpico Alameda,Querétaro,Atlético de San Luis,1,1,[24],[45],1.0,1.0,5.018867924528301,3.0188679245283017,6.037735849056603,7.0566037735849045,4.018867924528301,5.018867924528301,3.0188679245283017,0.0,2.0188679245283017,1.0,0.0,0.0
20,Torneo de Apertura / Temporada 2024-2025,14,"Domingo, 28 de Julio de 2024",18:00 hrs.,Victoria,Necaxa,Santos Laguna,1,0,[60],[],1.0,0.0,4.973333333333334,1.9866666666666668,2.986666666666667,4.986666666666666,3.9733333333333336,3.9733333333333336,4.973333333333334,0.0,2.986666666666667,0.0,0.0,0.0
21,Torneo de Apertura / Temporada 2024-2025,3,"Domingo, 28 de Julio de 2024",19:06 hrs.,Nou Camp,León,Puebla F.C.,0,0,[],[],0.0,0.0,12.862068965517242,10.724137931034482,8.586206896551724,2.1379310344827585,10.724137931034482,8.586206896551724,0.0,8.586206896551724,0.0,2.1379310344827585,0.0,0.0
22,Torneo de Apertura / Temporada 2024-2025,3,"Lunes, 29 de Julio de 2024",18:00 hrs.,Ciudad De Los Deportes,América,Toluca,2,2,"[46, 59]","[16, 45]",2.0,2.0,13.056603773584902,4.037735849056603,5.018867924528301,4.037735849056603,5.018867924528301,5.018867924528301,2.0,3.0188679245283017,1.0188679245283019,3.0188679245283017,0.0,0.0
23,Torneo de Apertura / Temporada 2024-2025,4,"Jueves, 1 de Agosto de 2024",19:00 hrs.,Jalisco,Atlas,León,0,0,[],[],0.0,0.0,8.03448275862069,4.827586206896552,8.03448275862069,12.89655172413793,6.448275862068965,8.03448275862069,1.6206896551724137,1.6206896551724137,1.6206896551724137,3.206896551724138,0.0,0.0
24,Torneo de Apertura / Temporada 2024-2025,4,"Sábado, 3 de Agosto de 2024",17:00 hrs.,Alfonso Lastras Ramírez,Atlético de San Luis,Pumas,1,2,[74],"[43, 65]",1.0,2.0188679245283017,0.0,4.018867924528301,5.018867924528301,5.018867924528301,4.018867924528301,3.0188679245283017,0.01886792452830185,7.0566037735849045,2.0188679245283017,3.0188679245283017,0.0,0.0
25,Torneo de Apertura / Temporada 2024-2025,4,"Sábado, 3 de Agosto de 2024",21:06 hrs.,Olímpico Benito Juárez,FC Juárez,Santos Laguna,3,1,"[23, 45, 46]",[9],3.0,0.9946524064171123,3.0,3.9946524064171123,1.9893048128342246,1.9893048128342246,4.989304812834225,4.989304812834225,5.983957219251337,0.0,0.0,1.9893048128342246,0.0,0.0
26,Torneo de Apertura / Temporada 2024-2025,4,"Lunes, 5 de Agosto de 2024",15:45 hrs.,INSTALACIONES LA NORIA,Cruz Azul,Pachuca,0,4,[],"[16, 54, 71, 79]",0.0,4.0,6.009389671361503,7.023474178403755,6.009389671361503,4.0,4.995305164319249,4.995305164319249,2.0093896713615025,2.0093896713615025,3.0046948356807515,0.995305164319249,0.0,0.0
27,Torneo de Apertura / Temporada 2024-2025,4,"Lunes, 5 de Agosto de 2024",18:00 hrs.,Victoria,Necaxa,Rayadas,0,4,[],"[50, 83, 87, 90]",0.0,4.0,2.0,11.032258064516128,2.0,7.03225806451613,4.0,5.000000000000001,2.0,1.0,1.0,2.0,0.0,0.0
28,Torneo de Apertura / Temporada 2024-2025,4,"Martes, 6 de Agosto de 2024",17:00 hrs.,Nemesio Diez,Toluca,Club Tijuana,2,4,"[29, 42]","[5, 15, 76, 82]",2.0,4.0,7.010752688172043,4.0,8.021505376344086,5.010752688172044,5.010752688172044,5.010752688172044,2.0,4.0,1.010752688172043,1.010752688172043,0.0,0.0
29,Torneo de Apertura / Temporada 2024-2025,4,"Martes, 6 de Agosto de 2024",17:00 hrs.,Cuauhtémoc,Puebla F.C.,Guadalajara,0,1,[],[63],0.0,1.0,3.0188679245283017,7.0566037735849045,5.018867924528301,3.0188679245283017,5.018867924528301,5.018867924528301,2.0188679245283017,0.0,2.0188679245283017,1.0,0.0,0.0
30,Torneo de Apertura / Temporada 2024-2025,4,"Martes, 6 de Agosto de 2024",19:06 hrs.,Estadio Olímpico Alameda,Querétaro,América,0,4,[],"[53, 85, 90, 90]",0.0,4.0,5.020134228187919,7.006711409395972,4.0,10.040268456375838,4.0,4.0,0.0,0.0,2.013422818791946,4.993288590604027,0.0,0.0
31,Torneo de Apertura / Temporada 2024-2025,5,"Viernes, 9 de Agosto de 2024",17:00 hrs.,Nou Camp,León,Cruz Azul,1,0,[19],[],1.0,0.0,1.9866666666666668,3.9733333333333336,3.9733333333333336,2.986666666666667,4.973333333333334,4.986666666666666,1.9866666666666668,1.0,1.0,1.0,0.0,1.0
32,Torneo de Apertura / Temporada 2024-2025,5,"Viernes, 9 de Agosto de 2024",19:00 hrs.,Olímpico Universitario,Pumas,Pachuca,0,2,[],"[60, 84]",0.0,2.0,8.021505376344086,7.010752688172043,2.0,5.010752688172044,2.0,5.010752688172044,0.0,4.0,0.0,2.0,0.0,0.0
33,Torneo de Apertura / Temporada 2024-2025,5,"Viernes, 9 de Agosto de 2024",20:06 hrs. - 21:06 HC.,El Encanto,Mazatlán FC,FC Juárez,0,6,[],"[15, 25, 46, 77, 90, 90]",0.016042780748663076,6.0,3.9946524064171123,2.983957219251337,3.9946524064171123,6.0,1.9893048128342246,4.989304812834225,0.0,0.0,3.0,0.0,0.0,0.0
34,Torneo de Apertura / Temporada 2024-2025,5,"Sábado, 10 de Agosto de 2024",19:00 hrs.,TSM Corona,Santos Laguna,Atlas,0,3,[],"[10, 12, 90]",0.0,3.0,4.995535714285714,5.008928571428571,4.995535714285714,3.0,4.995535714285714,3.0,3.991071428571429,1.0044642857142858,0.0,0.0,0.0,0.0
35,Torneo de Apertura / Temporada 2024-2025,5,"Lunes, 12 de Agosto de 2024",15:45 hrs.,Cancha Centenario No. 5 (Natural) Instalaciones Club América,América,Necaxa,4,0,"[22, 73, 77, 88]",[],4.0,0.0,11.032258064516128,3.0,8.03225806451613,2.0,4.0,3.0,1.0,3.0,2.0,1.0,0.0,0.0
36,Torneo de Apertura / Temporada 2024-2025,5,"Lunes, 12 de Agosto de 2024",18:00 hrs.,Nemesio Diez,Toluca,Tigres,0,6,[],"[31, 43, 69, 74, 78, 89]",0.0,6.0,6.9937499999999995,3.99375,0.99375,6.0,4.9875,4.9875,3.99375,4.9875,3.99375,2.0062499999999996,0.0,0.0
37,Torneo de Apertura / Temporada 2024-2025,5,"Lunes, 12 de Agosto de 2024",19:06 hrs.,Estadio AKRON,Guadalajara,Querétaro,0,0,[],[],0.0,0.0,3.206896551724138,4.275862068965517,11.79310344827586,1.0689655172413792,5.344827586206897,4.275862068965517,3.206896551724138,0.0,3.206896551724138,4.275862068965517,0.0,0.0
38,Torneo de Apertura / Temporada 2024-2025,5,"Lunes, 12 de Agosto de 2024",20:00 hrs.,Estadio BBVA,Rayadas,Atlético de San Luis,1,0,[54],[],1.0,0.0,12.814814814814811,1.962962962962963,12.814814814814811,1.0,4.925925925925926,5.925925925925926,3.962962962962963,1.0,0.0,1.962962962962963,0.0,0.0
39,Torneo de Apertura / Temporada 2024-2025,5,"Lunes, 12 de Agosto de 2024",20:10 hrs. - 21:10 HC.,Caliente,Club Tijuana,Puebla F.C.,3,2,"[10, 16, 30]","[15, 52]",3.0,2.0089285714285716,9.991071428571429,3.991071428571429,2.0089285714285716,2.0089285714285716,5.008928571428571,4.982142857142857,0.9910714285714285,0.9910714285714285,2.0089285714285716,4.982142857142857,0.0,0.0
40,Torneo de Apertura / Temporada 2024-2025,6,"Viernes, 16 de Agosto de 2024",17:00 hrs.,Victoria,Necaxa,Mazatlán FC,1,2,[14],"[47, 62]",1.0,2.0,6.016129032258065,4.016129032258065,3.0161290322580645,2.0,5.016129032258065,5.016129032258065,1.0,2.0,1.0,0.0,0.0,0.0
41,Torneo de Apertura / Temporada 2024-2025,6,"Viernes, 16 de Agosto de 2024",19:00 hrs.,Jalisco,Atlas,Club Tijuana,3,1,"[8, 90, 90]",[64],3.0,1.0071428571428571,7.992857142857143,8.014285714285714,1.9928571428571429,3.9857142857142858,3.0,3.9857142857142858,0.0,4.992857142857143,1.0071428571428571,1.0071428571428571,0.0,0.0
42,Torneo de Apertura / Temporada 2024-2025,6,"Viernes, 16 de Agosto de 2024",21:06 hrs.,Olímpico Benito Juárez,FC Juárez,Rayadas,0,1,[],[1],0.0,1.0,4.973333333333334,3.9733333333333336,3.9733333333333336,2.986666666666667,4.973333333333334,4.986666666666666,2.986666666666667,0.0,1.9866666666666668,2.986666666666667,0.0,0.0
43,Torneo de Apertura / Temporada 2024-2025,6,"Sábado, 17 de Agosto de 2024",12:00 hrs.,INSTALACIONES LA NORIA,Cruz Azul,Santos Laguna,4,1,"[1, 23, 31, 57]",[86],4.0,1.0053475935828877,1.9893048128342246,3.978609625668449,7.97860962566845,3.978609625668449,4.983957219251337,4.983957219251337,1.0053475935828877,1.0053475935828877,1.9893048128342246,1.9893048128342246,0.0,0.0
44,Torneo de Apertura / Temporada 2024-2025,6,"Sábado, 17 de Agosto de 2024",17:00 hrs.,Cuauhtémoc,Puebla F.C.,América,0,0,[],[],0.0,0.0,2.413793103448276,12.89655172413793,0.0,12.06896551724138,4.0344827586206895,2.413793103448276,1.6206896551724137,0.0,2.413793103448276,0.0,0.0,0.0
45,Torneo de Apertura / Temporada 2024-2025,6,"Sábado, 17 de Agosto de 2024",19:06 hrs.,Hidalgo,Pachuca,León,1,0,[43],[],1.0,0.0,6.016129032258065,6.032258064516129,4.016129032258065,0.0,5.016129032258065,4.016129032258065,4.016129032258065,2.0,1.0,2.0,0.0,0.0
46,Torneo de Apertura / Temporada 2024-2025,6,"Sábado, 17 de Agosto de 2024",21:10 hrs.,Universitario,Tigres,Pumas,3,1,"[4, 27, 58]",[65],3.0,0.9946524064171123,5.983957219251337,4.989304812834225,4.989304812834225,1.9893048128342246,4.989304812834225,2.983957219251337,3.9946524064171123,2.983957219251337,0.9946524064171123,3.9946524064171123,0.0,0.0
47,Torneo de Apertura / Temporada 2024-2025,6,"Domingo, 18 de Agosto de 2024",20:06 hrs.,Estadio Olímpico Alameda,Querétaro,Toluca,1,0,[38],[],1.0,0.0,3.0270270270270276,10.108108108108109,4.027027027027027,5.027027027027027,3.0270270270270276,5.027027027027027,8.054054054054054,1.0,1.0,5.027027027027027,0.0,0.0
48,Torneo de Apertura / Temporada 2024-2025,6,"Lunes, 19 de Agosto de 2024",19:00 hrs.,Alfonso Lastras Ramírez,Atlético de San Luis,Guadalajara,0,3,[],"[11, 45, 54]",0.0,3.0,3.0,3.0,9.024193548387098,1.5,7.524193548387097,7.524193548387097,0.0,1.5,3.0,3.0,0.0,0.0
49,Torneo de Apertura / Temporada 2024-2025,3,"Miercoles, 21 de Agosto de 2024",21:06 hrs.,Hidalgo,Pachuca,Atlas,3,0,"[21, 54, 45]",[],3.0,0.0,5.983957219251337,4.989304812834225,3.0,0.9946524064171123,4.989304812834225,4.989304812834225,3.0,1.9893048128342246,1.9893048128342246,0.9946524064171123,0.0,0.0
50,Torneo de Apertura / Temporada 2024-2025,2,"Jueves, 22 de Agosto de 2024",19:06 hrs.,Estadio AKRON,Guadalajara,León,2,1,"[6, 19]",[65],2.0,1.0,6.016129032258065,2.0,3.0161290322580645,5.016129032258065,5.016129032258065,5.016129032258065,6.016129032258065,1.0,1.0,2.0,0.0,0.0
51,Torneo de Apertura / Temporada 2024-2025,3,"Jueves, 22 de Agosto de 2024",20:10 hrs. - 21:10 HC.,Caliente,Club Tijuana,Cruz Azul,3,0,"[27, 66, 68]",[],3.0,0.0,9.024193548387098,5.008064516129033,6.024193548387098,0.9919354838709679,5.008064516129033,4.016129032258065,5.008064516129033,2.0080645161290325,3.0,0.0,0.0,0.9919354838709679
52,Torneo de Apertura / Temporada 2024-2025,7,"Sábado, 24 de Agosto de 2024",12:00 hrs.,Olímpico Universitario,Pumas,Puebla F.C.,2,1,"[6, 40]",[47],2.0,1.0,12.03225806451613,2.0,5.000000000000001,1.0,5.000000000000001,4.0,4.0,4.0,2.0,2.0,0.0,1.0
53,Torneo de Apertura / Temporada 2024-2025,7,"Domingo, 25 de Agosto de 2024",17:00 hrs.,Alfonso Lastras Ramírez,Atlético de San Luis,Pachuca,2,3,"[51, 57]","[5, 12, 36]",2.0,3.0,4.016129032258065,5.016129032258065,0.0,3.0,5.016129032258065,4.016129032258065,2.0,3.0,3.0161290322580645,6.032258064516129,0.0,0.0
54,Torneo de Apertura / Temporada 2024-2025,7,"Domingo, 25 de Agosto de 2024",19:00 hrs.,TSM Corona,Santos Laguna,Tigres,0,3,[],"[8, 63, 69]",0.0,3.0,4.995535714285714,3.991071428571429,4.995535714285714,5.008928571428571,1.9955357142857144,5.008928571428571,3.991071428571429,1.9955357142857144,1.9955357142857144,3.0,0.0,0.0
55,Torneo de Apertura / Temporada 2024-2025,7,"Domingo, 25 de Agosto de 2024",19:06 hrs.,Olímpico Benito Juárez,FC Juárez,Club Tijuana,4,0,"[34, 80, 90, 74]",[],4.0,0.0,4.0,1.0053475935828877,7.97860962566845,4.983957219251337,4.983957219251337,4.983957219251337,4.983957219251337,0.0,0.0,0.0,0.0,0.0
56,Torneo de Apertura / Temporada 2024-2025,7,"Domingo, 25 de Agosto de 2024",20:10 hrs. - 21:10 HC.,El Encanto,Mazatlán FC,Querétaro,0,2,[],"[45, 84]",0.0,2.0,6.97196261682243,3.9813084112149535,2.0,0.0,2.990654205607477,4.97196261682243,0.9906542056074767,2.0,2.990654205607477,2.0,0.0,0.0
57,Torneo de Apertura / Temporada 2024-2025,7,"Lunes, 26 de Agosto de 2024",17:00 hrs.,Victoria,Necaxa,Atlas,0,1,[],[39],0.0,1.0,5.016129032258065,6.032258064516129,6.016129032258065,2.0,5.016129032258065,4.016129032258065,2.0,1.0,1.0,0.0,0.0,0.0
58,Torneo de Apertura / Temporada 2024-2025,7,"Lunes, 26 de Agosto de 2024",19:00 hrs.,Estadio BBVA,Rayadas,Toluca,5,0,"[14, 25, 37, 60, 79]",[],5.0,0.0,4.003215434083601,1.9935691318327973,5.996784565916399,0.0,5.0,5.0,3.0064308681672025,2.990353697749196,0.0,0.0,0.0,0.0
59,Torneo de Apertura / Temporada 2024-2025,7,"Lunes, 26 de Agosto de 2024",19:06 hrs.,Nou Camp,León,América,0,1,[],[43],0.0,1.0,3.962962962962963,5.925925925925926,1.0,12.814814814814811,5.925925925925926,2.962962962962963,0.0,2.962962962962963,1.962962962962963,1.0,0.0,0.0
60,Torneo de Apertura / Temporada 2024-2025,7,"Lunes, 26 de Agosto de 2024",21:10 hrs.,Estadio AKRON,Guadalajara,Cruz Azul,2,0,"[33, 86]",[],2.0,0.0,6.97196261682243,5.981308411214954,2.990654205607477,5.981308411214954,4.97196261682243,3.9813084112149535,2.0,0.9906542056074767,0.9906542056074767,0.9906542056074767,0.0,0.0
61,Torneo de Apertura / Temporada 2024-2025,2,"Jueves, 29 de Agosto de 2024",18:00 hrs.,Ciudad De Los Deportes,América,FC Juárez,0,0,[],[],0.0,0.0,8.275862068965518,4.586206896551724,11.93103448275862,1.827586206896552,3.689655172413793,4.586206896551724,0.9310344827586208,0.9310344827586208,0.9310344827586208,1.827586206896552,0.0,0.0
62,Torneo de Apertura / Temporada 2024-2025,3,"Jueves, 29 de Agosto de 2024",21:06 hrs.,Universitario,Tigres,Necaxa,6,0,"[37, 40, 44, 45, 90, 90]",[],6.0,0.0,5.014285714285714,0.9857142857142858,15.000000000000002,0.9857142857142858,5.014285714285714,5.014285714285714,0.9857142857142858,0.9857142857142858,0.0,3.9857142857142858,0.0,0.0
63,Torneo de Apertura / Temporada 2024-2025,8,"Viernes, 30 de Agosto de 2024",16:15 hrs. - 17:15 HC.,Caliente,Club Tijuana,Santos Laguna,1,0,[10],[],1.0,0.0,4.957446808510639,4.957446808510639,7.936170212765958,3.9574468085106385,4.957446808510639,3.9574468085106385,0.0,2.9787234042553195,2.9787234042553195,2.9787234042553195,0.0,0.0
64,Torneo de Apertura / Temporada 2024-2025,8,"Domingo, 1 de Septiembre de 2024",12:00 hrs.,Cuauhtémoc,Puebla F.C.,Atlético de San Luis,2,2,"[2, 46]","[74, 85]",2.0,2.0,2.990654205607477,4.97196261682243,0.9906542056074767,6.990654205607476,4.97196261682243,2.990654205607477,2.990654205607477,2.990654205607477,3.9813084112149535,3.9813084112149535,0.0,0.0
65,Torneo de Apertura / Temporada 2024-2025,8,"Domingo, 1 de Septiembre de 2024",12:00 hrs.,Ciudad De Los Deportes,América,Pumas,2,2,"[16, 71]","[47, 70]",2.0,2.0,7.010752688172043,2.0,8.021505376344086,1.010752688172043,4.021505376344086,2.0,5.010752688172044,1.010752688172043,1.010752688172043,0.0,0.0,0.0
66,Torneo de Apertura / Temporada 2024-2025,8,"Domingo, 1 de Septiembre de 2024",17:00 hrs.,Hidalgo,Pachuca,Mazatlán FC,7,0,"[4, 15, 25, 32, 48, 60, 86]",[],7.0,0.0,10.981651376146786,2.9862385321100917,7.0,1.9908256880733943,4.977064220183486,4.977064220183486,1.9908256880733943,3.9816513761467887,0.9954128440366972,0.0,0.0,0.0
67,Torneo de Apertura / Temporada 2024-2025,8,"Domingo, 1 de Septiembre de 2024",19:06 hrs.,Universitario,Tigres,León,1,0,[90],[],1.0,0.0,5.054054054054054,2.027027027027027,10.081081081081082,0.0,5.054054054054054,5.027027027027027,3.0270270270270276,3.0270270270270276,2.027027027027027,4.027027027027027,0.0,1.0
68,Torneo de Apertura / Temporada 2024-2025,8,"Lunes, 2 de Septiembre de 2024",16:30 hrs.,Nemesio Diez,Toluca,Guadalajara,2,0,"[10, 86]",[],2.0,0.0,2.0,3.0,6.016129032258065,4.016129032258065,5.016129032258065,5.016129032258065,4.016129032258065,5.016129032258065,0.0,0.0,0.0,0.0
69,Torneo de Apertura / Temporada 2024-2025,8,"Lunes, 2 de Septiembre de 2024",17:00 hrs.,Estadio Olímpico Alameda,Querétaro,Rayadas,1,3,[87],"[8, 11, 69]",1.0,2.986666666666667,1.9866666666666668,1.9866666666666668,2.986666666666667,1.9866666666666668,4.973333333333334,4.986666666666666,2.986666666666667,2.986666666666667,0.0,2.986666666666667,0.0,0.0
70,Torneo de Apertura / Temporada 2024-2025,8,"Martes, 3 de Septiembre de 2024",15:45 hrs.,INSTALACIONES LA NORIA,Cruz Azul,Necaxa,1,1,[42],[90],1.0,1.0,5.000000000000001,3.0,11.032258064516128,0.0,3.0,4.0,2.0,4.0,1.0,1.0,0.0,0.0
71,Torneo de Apertura / Temporada 2024-2025,8,"Martes, 3 de Septiembre de 2024",19:00 hrs.,Jalisco,Atlas,FC Juárez,1,0,[58],[],1.0,0.0,3.0161290322580645,1.0,1.0,6.032258064516129,2.0,5.016129032258065,0.0,2.0,4.016129032258065,5.016129032258065,0.0,0.0
72,Torneo de Apertura / Temporada 2024-2025,4,"Miercoles, 4 de Septiembre de 2024",20:06 hrs. - 21:06 HC.,El Encanto,Mazatlán FC,Tigres,0,2,[],"[54, 74]",0.0,2.0,3.0,6.0,1.0,11.032258064516128,4.0,5.000000000000001,2.0,1.0,2.0,1.0,0.0,0.0
73,Torneo de Apertura / Temporada 2024-2025,9,"Viernes, 6 de Septiembre de 2024",19:00 hrs.,TSM Corona,Santos Laguna,Querétaro,0,2,[],"[62, 85]",0.0,2.0,2.0,8.043010752688172,5.010752688172044,6.021505376344086,4.021505376344086,5.010752688172044,1.010752688172043,1.010752688172043,4.021505376344086,0.0,0.0,0.0
74,Torneo de Apertura / Temporada 2024-2025,9,"Sábado, 7 de Septiembre de 2024",11:40 hrs.,Olímpico Universitario,Pumas,Atlas,4,2,"[9, 31, 36, 80]","[24, 28]",4.0,2.0093896713615025,4.0,4.995305164319249,7.004694835680751,2.0093896713615025,4.0,3.0046948356807515,2.0093896713615025,4.995305164319249,0.995305164319249,3.0046948356807515,0.0,0.0
75,Torneo de Apertura / Temporada 2024-2025,9,"Sábado, 7 de Septiembre de 2024",17:00 hrs.,Nemesio Diez,Toluca,Puebla F.C.,1,0,[90],[],1.0,0.0,9.097560975609756,3.024390243902439,4.048780487804878,2.024390243902439,5.048780487804878,5.048780487804878,3.024390243902439,4.048780487804878,4.048780487804878,3.024390243902439,2.024390243902439,1.0
76,Torneo de Apertura / Temporada 2024-2025,9,"Sábado, 7 de Septiembre de 2024",19:25 hrs.,Olímpico Benito Juárez,FC Juárez,Pachuca,0,0,[],[],0.0,0.0,4.827586206896552,8.03448275862069,4.827586206896552,12.89655172413793,6.448275862068965,6.413793103448276,4.827586206896552,1.6206896551724137,1.6206896551724137,8.03448275862069,1.6206896551724137,0.0
77,Torneo de Apertura / Temporada 2024-2025,9,"Domingo, 8 de Septiembre de 2024",15:45 hrs.,Verde Valle 2,Guadalajara,Necaxa,3,1,"[71, 75, 80]",[17],3.0,0.99375,6.0,2.0062499999999996,6.9937499999999995,0.0,4.9875,3.99375,0.018749999999999968,7.012499999999999,0.0,2.0062499999999996,0.0,0.0
78,Torneo de Apertura / Temporada 2024-2025,9,"Domingo, 8 de Septiembre de 2024",19:00 hrs.,Nou Camp,León,Club Tijuana,4,3,"[1, 17, 53, 66]","[24, 45, 79]",4.0,2.9946524064171123,7.97860962566845,1.9893048128342246,5.989304812834225,4.983957219251337,4.0,3.978609625668449,1.0053475935828877,2.9946524064171123,1.0053475935828877,2.9946524064171123,0.0,0.0
79,Torneo de Apertura / Temporada 2024-2025,9,"Domingo, 8 de Septiembre de 2024",19:30 hrs.,Estadio BBVA,Rayadas,Cruz Azul,1,0,[44],[],1.0,0.0,3.9787234042553195,1.0,7.936170212765958,1.0,4.957446808510639,2.9787234042553195,1.0,1.0,1.0,0.0,0.0,0.0
80,Torneo de Apertura / Temporada 2024-2025,9,"Domingo, 8 de Septiembre de 2024",20:06 hrs. - 21:06 HC.,El Encanto,Mazatlán FC,América,1,8,[45],"[46, 53, 60, 62, 78, 80, 84, 90]",1.0,8.054054054054054,0.027027027027026987,10.108108108108109,1.0,9.081081081081082,3.0270270270270276,5.027027027027027,0.0,1.0,1.0,0.0,0.0,0.0
81,Torneo de Apertura / Temporada 2024-2025,9,"Lunes, 9 de Septiembre de 2024",17:00 hrs.,Alfonso Lastras Ramírez,Atlético de San Luis,Tigres,1,2,[45],"[6, 77]",1.0,2.0,1.0,4.016129032258065,1.0,6.032258064516129,5.016129032258065,4.016129032258065,3.0161290322580645,2.0,1.0,1.0,0.0,0.0
82,Torneo de Apertura / Temporada 2024-2025,10,"Jueves, 12 de Septiembre de 2024",19:00 hrs.,Jalisco,Atlas,Toluca,1,1,[53],[20],1.0,1.0,9.097560975609756,4.048780487804878,7.073170731707317,6.073170731707317,3.024390243902439,4.048780487804878,0.0,4.048780487804878,0.0,0.0,0.0,0.0
83,Torneo de Apertura / Temporada 2024-2025,10,"Viernes, 13 de Septiembre de 2024",16:30 hrs.,Estadio Olímpico Alameda,Querétaro,León,2,1,"[25, 55]",[42],2.0,1.006711409395973,3.0067114093959733,4.0,5.006711409395973,5.020134228187919,5.006711409395973,5.020134228187919,3.0067114093959733,4.0,4.0,3.0067114093959733,1.006711409395973,0.0
84,Torneo de Apertura / Temporada 2024-2025,10,"Sábado, 14 de Septiembre de 2024",12:00 hrs.,INSTALACIONES LA NORIA,Cruz Azul,Atlético de San Luis,2,0,"[5, 45]",[],2.0,0.0,3.9813084112149535,6.990654205607476,4.97196261682243,5.981308411214954,3.9813084112149535,4.97196261682243,2.0,2.0,2.0,2.990654205607477,0.0,0.0
85,Torneo de Apertura / Temporada 2024-2025,10,"Sábado, 14 de Septiembre de 2024",21:00 hrs.,Universitario,Tigres,Rayadas,0,0,[],[],0.0,0.0,12.862068965517242,5.724137931034483,4.275862068965517,10.0,4.275862068965517,7.137931034482759,2.862068965517241,1.4137931034482758,1.4137931034482758,2.862068965517241,0.0,0.0
86,Torneo de Apertura / Temporada 2024-2025,10,"Domingo, 15 de Septiembre de 2024",17:00 hrs.,Ciudad De Los Deportes,América,Guadalajara,7,0,"[41, 44, 64, 71, 74, 85, 87]",[],7.0,0.0,2.008042895442359,0.9946380697050939,6.005361930294907,7.018766756032171,4.991957104557641,4.991957104557641,0.0,0.0,0.9946380697050939,3.9973190348525467,0.0,0.0
87,Torneo de Apertura / Temporada 2024-2025,10,"Domingo, 15 de Septiembre de 2024",17:00 hrs.,Cuauhtémoc,Puebla F.C.,Mazatlán FC,3,1,"[58, 60, 82]",[10],3.0,0.9919354838709679,9.024193548387098,3.0,7.016129032258066,0.9919354838709679,5.008064516129033,3.0,4.016129032258065,4.016129032258065,2.0080645161290325,0.9919354838709679,0.0,0.9919354838709679
88,Torneo de Apertura / Temporada 2024-2025,10,"Domingo, 15 de Septiembre de 2024",19:06 hrs.,Hidalgo,Pachuca,Santos Laguna,3,0,"[76, 83, 90]",[],3.0,0.0,11.032258064516128,1.0,10.03225806451613,0.0,4.0,3.0,3.0,1.0,3.0,2.0,0.0,1.0
89,Torneo de Apertura / Temporada 2024-2025,10,"Domingo, 15 de Septiembre de 2024",20:10 hrs. - 21:10 HC.,Caliente,Club Tijuana,Pumas,5,1,"[10, 15, 23, 31, 48]",[54],5.0,0.9967845659163986,1.9935691318327973,1.9935691318327973,3.0064308681672025,6.012861736334405,5.0,2.990353697749196,5.0,0.9967845659163986,4.003215434083601,2.990353697749196,0.0,0.0
90,Torneo de Apertura / Temporada 2024-2025,10,"Lunes, 16 de Septiembre de 2024",17:00 hrs.,Victoria,Necaxa,FC Juárez,0,2,[],"[77, 90]",0.0,2.0,3.0161290322580645,2.0,3.0161290322580645,6.032258064516129,4.016129032258065,5.016129032258065,0.0,1.0,4.016129032258065,2.0,0.0,0.0
91,Torneo de Apertura / Temporada 2024-2025,3,"Jueves, 19 de Septiembre de 2024",20:06 hrs.,Estadio AKRON,Guadalajara,Mazatlán FC,1,2,[72],"[33, 67]",1.0,1.9787234042553192,7.936170212765958,2.9787234042553195,5.957446808510639,4.957446808510639,4.957446808510639,1.0,6.9361702127659575,0.0,1.0,2.9787234042553195,0.0,0.0
92,Torneo de Apertura / Temporada 2024-2025,11,"Viernes, 20 de Septiembre de 2024",17:00 hrs.,Olímpico Universitario,Pumas,Querétaro,0,0,[],[],0.0,0.0,12.862068965517242,5.344827586206897,9.655172413793103,3.206896551724138,2.1379310344827585,3.206896551724138,5.344827586206897,1.0689655172413792,4.275862068965517,4.275862068965517,0.0,0.0
93,Torneo de Apertura / Temporada 2024-2025,11,"Viernes, 20 de Septiembre de 2024",19:00 hrs.,TSM Corona,Santos Laguna,Puebla F.C.,2,1,"[4, 74]",[40],2.0,1.0,5.016129032258065,1.0,2.0,6.032258064516129,4.016129032258065,6.032258064516129,5.016129032258065,2.0,1.0,1.0,0.0,0.0
94,Torneo de Apertura / Temporada 2024-2025,11,"Sábado, 21 de Septiembre de 2024",19:06 hrs.,Olímpico Benito Juárez,FC Juárez,Cruz Azul,1,0,[90],[],1.0,0.0,9.130434782608695,7.08695652173913,16.217391304347828,4.043478260869565,5.08695652173913,3.043478260869565,2.043478260869565,0.0,1.0,0.0,0.0,0.0
95,Torneo de Apertura / Temporada 2024-2025,11,"Domingo, 22 de Septiembre de 2024",17:00 hrs.,Alfonso Lastras Ramírez,Atlético de San Luis,Necaxa,2,1,"[53, 65]",[3],2.0,1.010752688172043,2.0,1.010752688172043,8.021505376344086,1.010752688172043,5.010752688172044,4.0,2.0,3.010752688172043,1.010752688172043,0.0,0.0,0.0
96,Torneo de Apertura / Temporada 2024-2025,11,"Domingo, 22 de Septiembre de 2024",17:05 hrs.,Jalisco,Guadalajara,Pachuca,3,3,"[2, 26, 59]","[10, 42, 68]",3.0,3.0,9.024193548387098,0.0,4.016129032258065,6.024193548387098,2.0080645161290325,3.0,3.0,0.0,2.0080645161290325,0.9919354838709679,0.0,0.0
97,Torneo de Apertura / Temporada 2024-2025,11,"Domingo, 22 de Septiembre de 2024",20:10 hrs. - 21:10 HC.,Caliente,Club Tijuana,Tigres,0,1,[],[31],0.0,1.0,5.000000000000001,7.03225806451613,7.03225806451613,11.032258064516128,4.0,2.0,1.0,4.0,1.0,2.0,0.0,0.0
98,Torneo de Apertura / Temporada 2024-2025,11,"Domingo, 22 de Septiembre de 2024",20:15 hrs. - 21:15 HC.,El Encanto,Mazatlán FC,Atlas,0,2,[],"[57, 73]",0.0,2.0,6.021505376344086,8.043010752688172,0.0,6.021505376344086,2.0,5.010752688172044,4.021505376344086,4.0,2.0,1.010752688172043,0.0,0.0
99,Torneo de Apertura / Temporada 2024-2025,11,"Lunes, 23 de Septiembre de 2024",17:00 hrs.,Nemesio Diez,Toluca,León,2,0,"[51, 90]",[],2.0,0.0,5.016129032258065,2.0,1.0,1.0,5.016129032258065,5.016129032258065,6.016129032258065,6.032258064516129,2.0,1.0,0.0,0.0
100,Torneo de Apertura / Temporada 2024-2025,11,"Lunes, 23 de Septiembre de 2024",19:00 hrs.,Estadio BBVA,Rayadas,América,2,4,"[88, 90]","[1, 4, 9, 33]",2.0,3.9813084112149535,6.97196261682243,2.0,2.0,2.0,4.97196261682243,3.9813084112149535,0.0,2.0,0.9906542056074767,2.0,0.0,0.9906542056074767
101,Torneo de Apertura / Temporada 2024-2025,12,"Jueves, 26 de Septiembre de 2024",15:45 hrs.,Cancha Centenario No. 5 (Natural) Instalaciones Club América,América,Santos Laguna,2,0,"[22, 84]",[],2.0,0.0,7.03225806451613,1.0,11.032258064516128,0.0,5.000000000000001,4.0,1.0,1.0,0.0,2.0,0.0,0.0
102,Torneo de Apertura / Temporada 2024-2025,12,"Jueves, 26 de Septiembre de 2024",17:00 hrs.,Estadio Olímpico Alameda,Querétaro,FC Juárez,0,2,[],"[57, 63]",0.0,2.0,6.016129032258065,4.016129032258065,3.0161290322580645,2.0,4.016129032258065,5.016129032258065,1.0,2.0,3.0161290322580645,1.0,0.0,0.0
103,Torneo de Apertura / Temporada 2024-2025,12,"Jueves, 26 de Septiembre de 2024",19:00 hrs.,Olímpico Universitario,Pumas,Guadalajara,3,1,"[6, 60, 87]",[22],3.0,1.0071428571428571,4.992857142857143,8.014285714285714,4.007142857142857,6.0,4.007142857142857,3.0,1.9928571428571429,3.0,1.9928571428571429,1.9928571428571429,0.0,0.0
104,Torneo de Apertura / Temporada 2024-2025,12,"Jueves, 26 de Septiembre de 2024",19:06 hrs.,Hidalgo,Pachuca,Puebla F.C.,2,0,"[25, 29]",[],2.0,0.0,6.97196261682243,2.0,6.97196261682243,0.0,4.97196261682243,3.9813084112149535,4.97196261682243,3.9813084112149535,0.9906542056074767,0.9906542056074767,0.0,0.0
105,Torneo de Apertura / Temporada 2024-2025,12,"Jueves, 26 de Septiembre de 2024",21:10 hrs.,Universitario,Tigres,Cruz Azul,2,0,"[83, 90]",[],2.0,0.0,9.03225806451613,3.0,12.03225806451613,2.0,5.000000000000001,4.0,0.0,1.0,2.0,1.0,0.0,1.0
106,Torneo de Apertura / Temporada 2024-2025,12,"Viernes, 27 de Septiembre de 2024",17:00 hrs.,Victoria,Necaxa,Toluca,1,4,[47],"[21, 36, 45, 64]",1.0,4.016129032258065,3.0161290322580645,3.0,2.0,6.032258064516129,3.0161290322580645,5.016129032258065,5.016129032258065,2.0,2.0,1.0,1.0,0.0
107,Torneo de Apertura / Temporada 2024-2025,12,"Viernes, 27 de Septiembre de 2024",17:00 hrs.,Jalisco,Atlas,Atlético de San Luis,3,0,"[2, 10, 90]",[],3.0,0.0,9.024193548387098,0.9919354838709679,9.024193548387098,0.9919354838709679,5.008064516129033,4.016129032258065,0.0,3.0,0.0,0.9919354838709679,0.0,0.0
108,Torneo de Apertura / Temporada 2024-2025,12,"Viernes, 27 de Septiembre de 2024",17:00 hrs.,Nou Camp,León,Rayadas,1,1,[11],[86],1.0,1.0,1.0,2.0,5.016129032258065,6.032258064516129,5.016129032258065,5.016129032258065,3.0161290322580645,0.0,4.016129032258065,1.0,1.0,0.0
109,Torneo de Apertura / Temporada 2024-2025,13,"Domingo, 29 de Septiembre de 2024",18:15 hrs.,TSM Corona,Santos Laguna,Pumas,1,3,[64],"[44, 55, 84]",1.0,3.0,5.016129032258065,6.032258064516129,4.016129032258065,5.016129032258065,3.0161290322580645,5.016129032258065,4.016129032258065,4.016129032258065,2.0,1.0,0.0,0.0
110,Torneo de Apertura / Temporada 2024-2025,13,"Domingo, 29 de Septiembre de 2024",19:06 hrs.,Estadio AKRON,Guadalajara,Tigres,1,1,[86],[75],1.0,1.0,5.048780487804878,9.121951219512194,2.024390243902439,5.048780487804878,5.048780487804878,5.048780487804878,2.024390243902439,1.0,3.024390243902439,2.024390243902439,0.0,0.0
111,Torneo de Apertura / Temporada 2024-2025,13,"Domingo, 29 de Septiembre de 2024",20:00 hrs. - 21:00 HC.,Caliente,Club Tijuana,América,1,4,[59],"[13, 17, 34, 36]",1.0,3.9574468085106385,7.936170212765958,4.957446808510639,2.9787234042553195,4.957446808510639,4.957446808510639,4.957446808510639,1.9787234042553192,2.9787234042553195,1.0,1.0,0.0,0.0
112,Torneo de Apertura / Temporada 2024-2025,13,"Lunes, 30 de Septiembre de 2024",17:00 hrs.,Cuauhtémoc,Puebla F.C.,Querétaro,0,1,[],[45],0.0,1.0,4.016129032258065,4.016129032258065,6.016129032258065,2.0,3.0161290322580645,4.016129032258065,6.016129032258065,4.016129032258065,2.0,0.0,0.0,0.0
113,Torneo de Apertura / Temporada 2024-2025,13,"Lunes, 30 de Septiembre de 2024",17:00 hrs.,Alfonso Lastras Ramírez,Atlético de San Luis,FC Juárez,2,3,"[80, 22]","[42, 48, 89]",2.0,3.0,4.0,4.0,1.0,11.032258064516128,5.000000000000001,5.000000000000001,0.0,2.0,2.0,2.0,0.0,0.0
114,Torneo de Apertura / Temporada 2024-2025,13,"Lunes, 30 de Septiembre de 2024",18:00 hrs.,Nemesio Diez,Toluca,Pachuca,1,3,[14],"[51, 69, 72]",1.0,3.0188679245283017,3.0188679245283017,7.0566037735849045,4.018867924528301,3.0188679245283017,5.018867924528301,4.018867924528301,1.0,5.018867924528301,1.0,2.0188679245283017,0.0,0.0
115,Torneo de Apertura / Temporada 2024-2025,13,"Lunes, 30 de Septiembre de 2024",20:00 hrs.,Estadio BBVA,Rayadas,Mazatlán FC,6,1,"[28, 40, 52, 56, 60, 83]",[45],6.0,0.9973190348525468,5.002680965147452,2.9919571045576405,5.002680965147452,2.9919571045576405,5.002680965147452,2.9919571045576405,5.002680965147452,0.0,0.9973190348525468,0.0,0.0,0.0
116,Torneo de Apertura / Temporada 2024-2025,13,"Miercoles, 2 de Octubre de 2024",19:06 hrs.,Nou Camp,León,Necaxa,1,0,[75],[],1.0,0.0,7.054054054054054,0.0,10.081081081081082,2.027027027027027,5.054054054054054,4.027027027027027,1.0,4.027027027027027,1.0,5.027027027027027,0.0,0.0
117,Torneo de Apertura / Temporada 2024-2025,3,"Jueves, 3 de Octubre de 2024",21:00 hrs.,Estadio BBVA,Rayadas,Santos Laguna,4,1,"[7, 38, 82, 90]",[64],4.0,0.9879518072289155,8.987951807228916,1.9999999999999998,4.0,6.0,4.9879518072289155,2.987951807228915,1.9999999999999998,0.0,0.9879518072289155,0.9879518072289155,0.0,0.0
118,Torneo de Apertura / Temporada 2024-2025,14,"Viernes, 4 de Octubre de 2024",17:00 hrs.,La Corregidora,Querétaro,Atlas,1,1,[17],[90],1.0,1.0,4.925925925925926,2.962962962962963,1.962962962962963,13.85185185185185,3.962962962962963,3.962962962962963,2.962962962962963,1.0,2.962962962962963,1.0,0.0,0.0
119,Torneo de Apertura / Temporada 2024-2025,14,"Sábado, 5 de Octubre de 2024",17:30 hrs.,Olímpico Benito Juárez,FC Juárez,Toluca,2,1,"[29, 90]",[74],2.0,1.0,6.016129032258065,2.0,6.016129032258065,5.016129032258065,4.016129032258065,4.016129032258065,4.016129032258065,3.0,3.0161290322580645,4.016129032258065,0.0,0.0
120,Torneo de Apertura / Temporada 2024-2025,14,"Sábado, 5 de Octubre de 2024",20:10 hrs. - 21:10 HC.,El Encanto,Mazatlán FC,Pumas,2,1,"[16, 78]",[45],2.0,1.010752688172043,6.021505376344086,7.010752688172043,3.010752688172043,8.043010752688172,3.010752688172043,4.0,4.021505376344086,3.010752688172043,2.0,1.010752688172043,1.010752688172043,1.010752688172043
121,Torneo de Apertura / Temporada 2024-2025,14,"Domingo, 6 de Octubre de 2024",12:00 hrs.,Instalaciones la Noria Cancha 1,Cruz Azul,Puebla F.C.,3,0,"[45, 72, 77]",[],3.0,0.0,4.992857142857143,0.0,7.992857142857143,6.985714285714286,3.0,3.9857142857142858,1.9928571428571429,1.0071428571428571,0.0,1.9928571428571429,0.0,0.0
122,Torneo de Apertura / Temporada 2024-2025,14,"Domingo, 6 de Octubre de 2024",18:00 hrs.,Jalisco,Guadalajara,Club Tijuana,3,1,"[32, 63, 69]",[80],3.0,0.99375,3.99375,7.012499999999999,0.99375,4.9875,4.9875,4.9875,0.99375,0.99375,2.0062499999999996,3.0,0.0,0.0
123,Torneo de Apertura / Temporada 2024-2025,14,"Domingo, 6 de Octubre de 2024",20:06 hrs.,Universitario,Tigres,América,0,1,[],[83],0.0,1.0,4.018867924528301,4.018867924528301,7.037735849056602,5.018867924528301,3.0188679245283017,5.018867924528301,0.0,1.0,3.0188679245283017,1.0,0.0,0.0
124,Torneo de Apertura / Temporada 2024-2025,14,"Lunes, 7 de Octubre de 2024",17:00 hrs.,Alfonso Lastras Ramírez,Atlético de San Luis,León,2,2,"[46, 82]","[18, 36]",2.0,2.0,4.97196261682243,4.97196261682243,6.97196261682243,4.97196261682243,4.97196261682243,4.97196261682243,2.990654205607477,0.0,2.0,0.9906542056074767,0.0,0.0
125,Torneo de Apertura / Temporada 2024-2025,14,"Lunes, 7 de Octubre de 2024",19:06 hrs.,Hidalgo,Pachuca,Rayadas,0,0,[],[],0.0,0.0,11.241379310344827,3.206896551724138,12.862068965517242,6.413793103448276,4.827586206896552,8.03448275862069,3.206896551724138,0.0,1.6206896551724137,3.206896551724138,0.0,1.6206896551724137
126,Torneo de Apertura / Temporada 2024-2025,12,"Jueves, 10 de Octubre de 2024",20:10 hrs. - 21:10 HC.,El Encanto,Mazatlán FC,Club Tijuana,1,3,[63],"[14, 50, 84]",1.0,3.024390243902439,4.048780487804878,7.073170731707317,9.097560975609756,2.024390243902439,3.024390243902439,5.048780487804878,0.0,4.048780487804878,2.024390243902439,1.0,0.0,0.0
127,Torneo de Apertura / Temporada 2024-2025,15,"Viernes, 11 de Octubre de 2024",19:06 hrs.,Universitario,Tigres,Querétaro,5,3,"[4, 35, 39, 42, 45]","[26, 45, 72]",5.0,3.004291845493562,6.008583690987124,1.0085836909871244,8.004291845493562,3.004291845493562,5.0,3.9914163090128754,1.0085836909871244,0.0,4.012875536480687,1.9957081545064377,0.0,0.0
128,Torneo de Apertura / Temporada 2024-2025,15,"Viernes, 11 de Octubre de 2024",21:00 hrs.,Jalisco,Atlas,Guadalajara,1,5,[37],"[41, 45, 64, 76, 89]",1.0,5.018867924528301,3.0188679245283017,3.0188679245283017,7.037735849056602,1.0,5.018867924528301,5.018867924528301,1.0,5.018867924528301,0.0,1.0,0.0,0.0
129,Torneo de Apertura / Temporada 2024-2025,15,"Sábado, 12 de Octubre de 2024",12:00 hrs.,Instalaciones Metepec Cancha 2 ,Toluca,Cruz Azul,3,1,"[4, 30, 56]",[27],3.0,0.9910714285714285,9.991071428571429,3.0,6.991071428571429,4.982142857142857,6.0,6.0,6.0,2.0089285714285716,3.0,0.0,0.0,0.0
130,Torneo de Apertura / Temporada 2024-2025,15,"Sábado, 12 de Octubre de 2024",17:00 hrs.,Ciudad De Los Deportes,América,Pachuca,5,0,"[23, 45, 54, 63, 71]",[],5.0,0.0,3.0064308681672025,6.012861736334405,5.996784565916399,4.003215434083601,5.0,2.990353697749196,0.9967845659163986,0.0,0.9967845659163986,2.990353697749196,0.0,0.0
131,Torneo de Apertura / Temporada 2024-2025,15,"Domingo, 13 de Octubre de 2024",12:00 hrs.,Cuauhtémoc,Puebla F.C.,Necaxa,2,0,"[62, 88]",[],2.0,0.0,6.016129032258065,4.016129032258065,1.0,6.032258064516129,5.016129032258065,5.016129032258065,2.0,3.0,1.0,3.0,0.0,1.0
132,Torneo de Apertura / Temporada 2024-2025,15,"Domingo, 13 de Octubre de 2024",12:00 hrs.,Olímpico Universitario,Pumas,Rayadas,1,2,[90],"[13, 67]",1.0,1.9787234042553192,6.9361702127659575,5.957446808510639,0.02127659574468082,7.957446808510639,3.9787234042553195,4.957446808510639,0.0,1.0,1.0,1.0,0.0,0.0
133,Torneo de Apertura / Temporada 2024-2025,15,"Domingo, 13 de Octubre de 2024",18:06 hrs. - 19:06 HC.,Caliente,Club Tijuana,Atlético de San Luis,6,1,"[8, 10, 11, 44, 59, 67]",[3],6.0,0.9879518072289155,8.987951807228916,2.987951807228915,8.0,4.9879518072289155,4.9879518072289155,4.9879518072289155,2.987951807228915,2.987951807228915,0.9879518072289155,1.9999999999999998,0.0,0.0
134,Torneo de Apertura / Temporada 2024-2025,15,"Lunes, 14 de Octubre de 2024",19:00 hrs.,TSM Corona,Santos Laguna,Mazatlán FC,0,0,[],[],0.0,0.0,7.344827586206897,12.89655172413793,11.03448275862069,3.689655172413793,7.344827586206897,0.0,9.172413793103448,1.827586206896552,7.344827586206897,1.827586206896552,0.0,0.0
135,Torneo de Apertura / Temporada 2024-2025,16,"Jueves, 17 de Octubre de 2024",15:45 hrs.,INSTALACIONES CLUB NECAXA,Necaxa,Querétaro,0,3,[],"[27, 58, 90]",0.0,3.0,4.007142857142857,8.014285714285714,3.0,6.985714285714286,4.992857142857143,3.9857142857142858,1.9928571428571429,1.0071428571428571,4.007142857142857,1.0071428571428571,0.0,0.0
136,Torneo de Apertura / Temporada 2024-2025,16,"Jueves, 17 de Octubre de 2024",19:00 hrs.,Jalisco,Atlas,Puebla F.C.,3,0,"[21, 49, 54]",[],3.0,0.0,4.016129032258065,3.0,9.024193548387098,0.9919354838709679,4.016129032258065,5.008064516129033,3.0,3.0,0.9919354838709679,2.0080645161290325,0.0,0.0
137,Torneo de Apertura / Temporada 2024-2025,16,"Jueves, 17 de Octubre de 2024",20:06 hrs. - 21:06 HC.,El Encanto,Mazatlán FC,Toluca,2,5,"[24, 36]","[32, 48, 57, 65, 70]",2.0,5.020134228187919,5.006711409395973,2.0,1.006711409395973,3.0067114093959733,4.0,5.020134228187919,5.006711409395973,2.0,1.006711409395973,3.0067114093959733,1.006711409395973,0.0
138,Torneo de Apertura / Temporada 2024-2025,16,"Viernes, 18 de Octubre de 2024",17:00 hrs.,TSM Corona,Santos Laguna,León,5,0,"[4, 23, 35, 38, 45]",[],5.0,0.0,9.009661835748792,4.009661835748792,2.995169082125604,5.0,5.0,5.0,2.004830917874396,0.9903381642512077,0.9903381642512077,2.004830917874396,0.0,0.0
139,Torneo de Apertura / Temporada 2024-2025,16,"Sábado, 19 de Octubre de 2024",12:00 hrs.,Instalaciones la Noria Cancha 1,Cruz Azul,Pumas,4,5,"[2, 38, 63, 90]","[3, 24, 43, 58, 89]",4.0,4.995305164319249,4.0,7.023474178403755,3.0046948356807515,3.0046948356807515,4.0,4.995305164319249,4.995305164319249,0.0,0.995305164319249,3.0046948356807515,0.0,0.0
140,Torneo de Apertura / Temporada 2024-2025,16,"Domingo, 20 de Octubre de 2024",17:00 hrs.,Alfonso Lastras Ramírez,Atlético de San Luis,América,0,6,[],"[1, 8, 17, 34, 60, 74]",0.016042780748663076,6.0,1.9893048128342246,4.989304812834225,0.016042780748663076,6.0,4.989304812834225,4.989304812834225,0.9946524064171123,1.9893048128342246,3.0,0.0,0.0,0.0
141,Torneo de Apertura / Temporada 2024-2025,16,"Domingo, 20 de Octubre de 2024",18:06 hrs.,Hidalgo,Pachuca,Club Tijuana,2,2,"[38, 45]","[17, 86]",2.0,2.0,8.959999999999999,9.973333333333333,6.96,7.946666666666667,2.986666666666667,2.986666666666667,3.9733333333333336,0.9866666666666666,2.0,0.0,0.0,0.0
142,Torneo de Apertura / Temporada 2024-2025,16,"Domingo, 20 de Octubre de 2024",20:05 hrs.,Estadio BBVA,Rayadas,Guadalajara,3,2,"[8, 83, 87]","[9, 22]",3.0,2.0062499999999996,3.99375,3.99375,6.9937499999999995,0.0,4.9875,3.99375,3.0,2.0062499999999996,0.99375,2.0062499999999996,0.0,0.0
143,Torneo de Apertura / Temporada 2024-2025,16,"Domingo, 20 de Octubre de 2024",20:10 hrs.,Olímpico Benito Juárez,FC Juárez,Tigres,3,1,"[7, 8, 36]",[32],3.0,0.99375,3.99375,4.9875,3.99375,3.0,4.9875,4.9875,6.9937499999999995,0.99375,2.0062499999999996,2.0062499999999996,0.99375,0.99375
144,Torneo de Apertura / Temporada 2024-2025,17,"Jueves, 31 de Octubre de 2024",17:00 hrs.,La Corregidora,Querétaro,Cruz Azul,1,3,[45],"[40, 82, 85]",1.0,3.0,4.0,10.03225806451613,12.03225806451613,2.0,4.0,3.0,2.0,7.03225806451613,4.0,3.0,0.0,0.0
145,Torneo de Apertura / Temporada 2024-2025,17,"Viernes, 1 de Noviembre de 2024",17:00 hrs.,Nou Camp,León,Mazatlán FC,2,1,"[7, 36]",[38],2.0,1.010752688172043,6.021505376344086,1.010752688172043,3.010752688172043,1.010752688172043,5.010752688172044,3.010752688172043,8.021505376344086,0.0,2.0,2.0,0.0,0.0
146,Torneo de Apertura / Temporada 2024-2025,17,"Viernes, 1 de Noviembre de 2024",17:00 hrs.,Nemesio Diez,Toluca,Atlético de San Luis,4,0,"[39, 45, 59, 90]",[],4.0,0.0,7.97860962566845,1.0053475935828877,5.989304812834225,5.989304812834225,4.983957219251337,4.983957219251337,1.0053475935828877,2.9946524064171123,1.0053475935828877,1.0053475935828877,0.0,0.0
147,Torneo de Apertura / Temporada 2024-2025,17,"Sábado, 2 de Noviembre de 2024",12:00 hrs.,Olímpico Universitario,Pumas,Necaxa,1,2,[51],"[9, 66]",1.0,1.9787234042553192,7.936170212765958,0.0,6.9361702127659575,1.0,4.957446808510639,2.9787234042553195,0.0,1.0,0.0,1.9787234042553192,0.0,0.0
148,Torneo de Apertura / Temporada 2024-2025,17,"Domingo, 3 de Noviembre de 2024",12:00 hrs.,Cuauhtémoc,Puebla F.C.,FC Juárez,2,4,"[4, 79]","[1, 3, 16, 39]",2.0,3.9813084112149535,6.97196261682243,2.990654205607477,0.9906542056074767,5.981308411214954,3.9813084112149535,4.97196261682243,0.9906542056074767,0.9906542056074767,0.9906542056074767,0.9906542056074767,0.0,0.0
149,Torneo de Apertura / Temporada 2024-2025,17,"Domingo, 3 de Noviembre de 2024",15:45 hrs.,Cancha Centenario No. 5 (Natural) Instalaciones Club América,América,Atlas,4,1,"[19, 42, 50, 56]",[1],4.0,0.9932885906040267,10.013422818791947,3.0067114093959733,5.020134228187919,0.9932885906040267,5.020134228187919,4.993288590604027,2.013422818791946,0.9932885906040267,0.0,0.9932885906040267,0.0,0.0
150,Torneo de Apertura / Temporada 2024-2025,17,"Domingo, 3 de Noviembre de 2024",19:00 hrs.,Estadio AKRON,Guadalajara,Santos Laguna,6,0,"[45, 55, 70, 81, 89, 90]",[],6.0,0.0,4.007142857142857,1.0071428571428571,7.992857142857143,0.0,4.992857142857143,3.9857142857142858,4.007142857142857,1.0071428571428571,1.0071428571428571,1.0071428571428571,0.0,0.0
151,Torneo de Apertura / Temporada 2024-2025,17,"Domingo, 3 de Noviembre de 2024",19:06 hrs.,Universitario,Tigres,Pachuca,2,1,"[56, 64]",[90],2.0,1.010752688172043,8.021505376344086,7.010752688172043,5.010752688172044,5.010752688172044,5.010752688172044,5.010752688172044,3.010752688172043,5.010752688172044,1.010752688172043,6.021505376344086,0.0,0.0
152,Torneo de Apertura / Temporada 2024-2025,17,"Domingo, 3 de Noviembre de 2024",19:10 hrs. - 21:10 HC.,Caliente,Club Tijuana,Rayadas,0,2,[],"[7, 83]",0.0,2.0,2.986666666666667,9.973333333333333,4.986666666666666,4.96,2.986666666666667,4.96,0.9866666666666666,2.986666666666667,2.986666666666667,0.9866666666666666,0.0,0.0
